question_id,question_string,answer_llm,answer_gold,precision-1,recall-1,ROUGE-1,precision-2,recall-2,ROUGE-2
P1_Q1,"Welche spezifischen Herausforderungen identifizierten die Autoren beim Einsatz von OCR in den Agriculture- und Healthcare-PDFs, und welche Lösungsansätze wurden implementiert?","Die Autoren identifizierten spezifische Herausforderungen beim Einsatz von OCR in den Agriculture- und Healthcare-PDFs, insbesondere die Auswirkungen von fehlerhaftem OCR-Output, der die Qualität der FAISS-Datenbank beeinträchtigte. Als Lösungsansätze wurden die Verwendung von TesseractOCR und easyOCR sowie eine regex-basierte Bereinigung implementiert, um den extrahierten Text zu verbessern.","Die Autoren identifizierten noisy OCR-Output als Hauptherausforderung, der die FAISS-Qualität in Agriculture- und Healthcare-PDFs erheblich degradierte und die Retrieval-Genauigkeit limitierte. Als Lösungsansätze implementierten sie eine Kombination aus TesseractOCR und easyOCR als alternative OCR-Engines, ergänzt durch regex-basierte Cleanup-Verfahren zur systematischen Nachbearbeitung des extrahierten Texts. Zusätzlich integrierten sie PyMuPDF für die Extraktion sowohl text-basierter als auch bild-basierter Inhalte und führten systematische Datenbereinigungsverfahren ein, die die Entfernung von OCR-Rauschen und Duplikaten zur Verbesserung der Retrieval-Qualität ohne Modifikation der Modelle ermöglichten.",0.43478260869565216,0.2597402597402597,0.3252032520325203,0.15555555555555556,0.09210526315789473,0.11570247933884296
P1_Q2,"Wie unterscheidet sich die Systemarchitektur zwischen dem Disarm RAG und den anderen vier implementierten Systemen, insbesondere hinsichtlich der Datenschutzanforderungen?","Die Systemarchitektur des Disarm RAG unterscheidet sich von den anderen vier implementierten Systemen insbesondere in Bezug auf die Datenschutzanforderungen dadurch, dass beim Disarm RAG die Quellenangaben aufgrund der Sensibilität im Bereich der Cybersicherheit weggelassen werden. Diese Entscheidung wurde getroffen, um die Sicherheit und den Datenschutz in diesem speziellen Anwendungsbereich zu gewährleisten. Im Gegensatz dazu könnten die anderen Systeme möglicherweise Quellenangaben einbeziehen, um Transparenz zu fördern, was beim Disarm RAG aufgrund der spezifischen Anforderungen im Bereich der Cybersicherheit nicht der Fall ist.","Das Disarm RAG-System unterscheidet sich fundamental von den anderen vier Systemen durch seine sicherheitsorientierte Architektur und Datenschutzanforderungen. Es wird auf einem sicheren Server bei CSC (Finnish IT Center for Science) gehostet, um vollständige Datenprivatsphäre zu gewährleisten, und verwendet LLaMA 2-uncensored via Ollama für offenen Zugang zu Cybersecurity-Wissen. Der entscheidende Unterschied liegt darin, dass Disarm RAG bewusst auf Quellzitationen verzichtet, während alle anderen Systeme Quellenreferenzen zur Transparenz anzeigen - diese Ausnahme erfolgt aufgrund der Sensitivität von Cybersecurity-Inhalten, um sensitive Materialien zu schützen und gleichzeitig GDPR-Risiken zu reduzieren.",0.2716049382716049,0.2558139534883721,0.26347305389221554,0.0875,0.08235294117647059,0.08484848484848484
P1_Q3,"Welche konkreten Metriken und Bewertungsdimensionen wurden in der Web-basierten Nutzerstudie mit 100 Teilnehmern verwendet, und was waren die Haupterkenntnisse?","In der Web-basierten Nutzerstudie mit 100 Teilnehmern wurden folgende sechs Bewertungsdimensionen verwendet:

1. **Ease of Use**: Wie einfach war es, das System zu benutzen?
2. **Relevance of Information**: Hat das System relevante und nützliche Informationen für die Anfragen bereitgestellt?
3. **Transparency**: Hat das System gezeigt, woher die Informationen stammen?
4. **System Responsiveness**: Wie schnell hat das System reagiert?
5. **Accuracy of Answers**: Wie genau waren die Antworten des Systems?
6. **Recommendation**: Würden die Teilnehmer das System weiterempfehlen?

Die Haupterkenntnisse der Studie waren:

- **Accuracy of Answers**: 64,7% der Teilnehmer bewerteten die Genauigkeit der Antworten als ""genau"" oder ""sehr genau"".
- **Ease of Use**: 82,3% fanden das System einfach zu benutzen.
- **Relevance of Information**: 88,3% bewerteten die Relevanz der Informationen als hoch.
- **Transparency**: 88,9% fanden das System transparent.
- **System Responsiveness**: 50% bewerteten die Reaktionsgeschwindigkeit als ""schnell"", während 28,6% sie als ""durchschnittlich"" einstuften.
- **Recommendation**: 58,8% der Teilnehmer gaben an, dass sie das System weiterempfehlen würden.

Diese Ergebnisse bieten sowohl quantitative Bewertungen als auch qualitative Einblicke in die Systemleistung und identifizieren Bereiche für gezielte Verbesserungen.","Die web-basierte Nutzerstudie mit 100 Teilnehmern verwendete sechs Bewertungsdimensionen auf einer Likert-Skala (1-5): Ease of Use, Relevance of Information, Transparency, System Responsiveness, Accuracy of Answers und Likelihood of Recommendation, ergänzt durch qualitative offene Feedback-Fragen. Die Haupterkenntnisse zeigten, dass Ease of Use und Accuracy of Answers konstant positive Bewertungen erhielten, während Transparency und Recommendation stärkere Variation zwischen den Systemen aufwiesen. Besonders bedeutsam war, dass 83% der Teilnehmer eine aufgabenabhängige Präferenz für KI-generierte Antworten zeigten, was darauf hinweist, dass Vertrauen in RAG-Systeme kontingent und nicht absolut ist, abhängig von Antwortrelevanz, Transparenz und Ausrichtung auf die Nutzerintention.",0.1534090909090909,0.2872340425531915,0.19999999999999998,0.03428571428571429,0.06451612903225806,0.04477611940298508
P1_Q4,Warum wählten die Autoren Poro-34B für das AgriHubi-System und welche Vorteile bot dieses Modell gegenüber GPT-4o für finnischsprachige Inhalte?,"Die Autoren wählten das Poro-34B-Modell für das AgriHubi-System, weil es speziell für die finnische Sprache optimiert ist. Im Gegensatz zu allgemeinen Modellen wie GPT-4o, die Schwierigkeiten mit domänenspezifischen und finnischsprachigen Anfragen hatten, bot Poro-34B eine bessere Leistung in diesen Bereichen. Der Einsatz eines finnisch-optimierten Modells wie Poro-34B führte zu kontextuell relevanteren Antworten und einer höheren Genauigkeit bei der Verarbeitung finnischsprachiger Inhalte. Dies machte das System effektiver für die Bereitstellung von Informationen über nachhaltige Landwirtschaft und Bodenschutz in Finnland.","Die Autoren wählten Poro-34B für das AgriHubi-System, weil allgemeine Modelle wie GPT-4o bei domänenspezifischen und finnischsprachigen Anfragen erhebliche Schwächen zeigten, während Poro-34B speziell für die finnische Sprache optimiert ist. Das finnisch-optimierte Modell lieferte kontextuell relevanteren Antworten für die Verarbeitung von 200+ finnischsprachigen landwirtschaftlichen PDFs und bot bessere Kompatibilität mit Embedding-Modellen wie text-embedding-ada-002. Diese Auswahl ermöglichte es, landwirtschaftliches Wissen durch eine Streamlit-Chat-Schnittstelle mit SQLite-Logging und Feedback-Mechanismus für kontinuierliche Verbesserung zugänglicher zu machen, was die Bedeutung domänenspezifischer Sprachmodelle für mehrsprachige RAG-Anwendungen unterstreicht.",0.48717948717948717,0.475,0.4810126582278481,0.22077922077922077,0.21518987341772153,0.21794871794871795
P1_Q5,"Welche zwölf Lessons Learned wurden dokumentiert und wie verteilen sich diese auf technische, operative und ethische Kategorien?","The context provided does not list all twelve ""Lessons Learned"" explicitly, nor does it categorize them into technical, operational, and ethical categories. However, it does mention some aspects related to these categories:

1. **Technical Lessons:**
   - User feedback drives system tuning: User ratings and comments help identify weak spots and guide adjustments to retrieval settings and chunk sizes.

2. **Ethical Lessons:**
   - Ethical considerations around transparency and data bias are important during deployment.
   - Providing source file references builds trust, as it helps users validate AI outputs.

3. **Operational Lessons:**
   - The context does not explicitly mention operational lessons, but operational challenges are implied in the development and evaluation of the RAG systems.

To fully answer the question, the complete list of twelve lessons learned and their categorization would need to be provided in the context.","Die zwölf dokumentierten Lessons Learned verteilen sich auf drei Kategorien: Technical Development (5 Lessons) umfasst die Notwendigkeit domänenspezifischer Modelle, OCR-Fehlerauswirkungen auf Pipelines, Chunking-Balance zwischen Geschwindigkeit und Genauigkeit, FAISS-Skalierungsgrenzen und manuelles Environment-Management ohne Containerization. Operational Factors (5 Lessons) beinhalten SQLite für User-Interaction-Tracking, fragile Scraping-Pipelines, Self-Hosted-Setup für Geschwindigkeit und Compliance, saubere Daten für bessere Retrieval-Qualität und nutzerfeedback-gesteuerte Systemoptimierung. Ethical Considerations (2 Lessons) betreffen Quelldatei-Referenzen für Vertrauensaufbau und Dataset-Bias-Auswirkungen auf Retrieval-Balance, wobei die technischen Aspekte den größten Anteil ausmachen und die Komplexität der praktischen RAG-Implementierung in realen Anwendungen widerspiegeln.",0.014705882352941176,0.023255813953488372,0.018018018018018018,0.0,0.0,0.0
P1_META_Q1,Wer sind die Autoren des Papers 'Engineering RAG Systems for Real-World Applications'?,"Die Autoren des Papers ""Engineering RAG Systems for Real-World Applications"" sind Md Toufique Hasan, Muhammad Waseem, Kai-Kristian Kemell, Ayman Asad Khan, Mika Saari und Pekka Abrahamsson. Sie sind alle von der Fakultät für Informationstechnologie und Kommunikation der Universität Tampere in Tampere, Finnland.","Das Framework zeigt eine positive Skalierung mit zunehmender Anzahl von MPI-Ranks, wobei sowohl die Data Generation als auch die Data Aggregation Phase eine Verringerung der Ausführungszeit bei steigender Rank-Anzahl aufweisen. Figure 1(c) demonstriert, dass sich die Zeiten für beide Phasen mit mehr MPI-Ranks reduzieren, was beweist, dass die Pipeline skalierbar ist und große Datenmengen effizient verarbeiten kann. Diese Skalierbarkeit wird durch die verteilte Architektur ermöglicht, die die Arbeitslast gleichmäßig auf alle verfügbaren Ranks verteilt und Bottlenecks vermeidet.",0.14285714285714285,0.07792207792207792,0.10084033613445378,0.0,0.0,0.0
P1_META_Q2,Welche Forschungsmethodik wurde im Paper 'Engineering RAG Systems for Real-World Applications' hauptsächlich angewandt?,"Die im Paper ""Engineering RAG Systems for Real-World Applications"" hauptsächlich angewandte Forschungsmethodik umfasst die Implementierung und Bewertung von RAG-basierten Systemen in realen Kontexten. Dies beinhaltet die Entwicklung von fünf optimierten Pipelines über verschiedene Domänen hinweg und eine strukturierte Benutzerbewertung, um deren Effektivität und Benutzerakzeptanz zu beurteilen. Der Fokus liegt auf der nutzerzentrierten Evaluation, die die Leistung der Systeme anhand von Kriterien wie Benutzerfreundlichkeit und Relevanz bewertet.","Das Framework zeigt eine positive Skalierung mit zunehmender Anzahl von MPI-Ranks, wobei sowohl die Data Generation als auch die Data Aggregation Phase eine Verringerung der Ausführungszeit bei steigender Rank-Anzahl aufweisen. Figure 1(c) demonstriert, dass sich die Zeiten für beide Phasen mit mehr MPI-Ranks reduzieren, was beweist, dass die Pipeline skalierbar ist und große Datenmengen effizient verarbeiten kann. Diese Skalierbarkeit wird durch die verteilte Architektur ermöglicht, die die Arbeitslast gleichmäßig auf alle verfügbaren Ranks verteilt und Bottlenecks vermeidet.",0.15151515151515152,0.12987012987012986,0.13986013986013984,0.015384615384615385,0.013157894736842105,0.014184397163120567
P2_Q1,Wie ist ein Datenpunkt im MAGPIE-Benchmark formal definiert (als Tupel) und welche Rolle spielen die Penalties und Utilities im Kontext der Multi-Agenten-Interaktion?,"Ein Datenpunkt im MAGPIE-Benchmark ist formal als Tupel definiert: ⟨N,T,D,C,I,P,ρ,U⟩. 

- **N** ist eine endliche Menge von Agenten, z.B. {a1, a2, ..., ak}.
- **T** ist eine offene Aufgabe, wie z.B. Ressourcenallokation oder Zulassungsentscheidungen.
- **D**, **C**, **I**, **P** sind weitere Komponenten, die im Kontext nicht vollständig beschrieben sind, aber typischerweise Details zur Aufgabe, den Kontext oder die Informationen der Agenten umfassen könnten.
- **ρ** (Penalties) und **U** (Utilities) spielen eine wichtige Rolle in der Multi-Agenten-Interaktion:

  - **Penalties (ρ)**: Diese umfassen qualitative Strafen (auf einer Skala von 1: sehr niedrig bis 5: sehr hoch) für bestimmte private Informationen (pij). Sie dienen dazu, die Kosten oder negativen Konsequenzen zu bewerten, die mit der Offenlegung oder dem Missbrauch privater Informationen verbunden sind.

  - **Utilities (U)**: Diese umfassen qualitative Belohnungen (ebenfalls auf einer Skala von 1: sehr niedrig bis 5: sehr hoch) für die Erfüllung von Unteraufgaben. Sie helfen dabei, den Nutzen oder die positiven Ergebnisse zu quantifizieren, die durch die erfolgreiche Erfüllung von Aufgaben erzielt werden.

Insgesamt ermöglichen Penalties und Utilities eine strukturierte Bewertung der Privatsphäre-Nutzen-Abwägungen in hochkomplexen Kollaborationen zwischen mehreren Agenten.","Ein Datenpunkt im MAGPIE-Benchmark ist formal als Tupel ⟨N, T, D, C, I, P, p, U⟩ definiert, wobei N eine endliche Menge von Agenten {a1, a2, ..., ak} darstellt, T eine offene Aufgabe wie Ressourcenzuteilung beschreibt, D ein Deliverable zur Aufgabenabschluss markiert, C Constraints aus öffentlichen und privaten Informationen ableitet, I öffentliche Informationen bezeichnet, P private/sensible Daten umfasst, p Penalties für Datenleckagen definiert und U Belohnungen für Teilaufgaben festlegt. Die Penalties und Utilities spielen eine zentrale Rolle in Multi-Agenten-Interaktionen, da sie realistische Trade-offs zwischen Aufgabenerfüllung und Datenschutz schaffen - Agenten müssen strategisch entscheiden, ob sie niedrig-penalisierte Informationen (pij = 1) teilen, um hoch-belohnte Ziele (uik = 5) zu erreichen, während sie sensible Daten (pil = 4) schützen.",0.20555555555555555,0.3162393162393162,0.24915824915824916,0.09497206703910614,0.14655172413793102,0.1152542372881356
P2_Q2,Welche spezifischen Leakage-Raten zeigten GPT-4o und Claude-3.7-Sonnet im Explicit Instruction Setting verglichen mit dem Implicit Instruction Setting?,"Im Explicit Instruction Setting zeigte GPT-4o eine Leakage-Rate von 5.7%, während Claude-2.7-Sonnet eine Leakage-Rate von 21.6% aufwies. Im Vergleich dazu stiegen die Leakage-Raten im Implicit Instruction Setting auf 54.3% für GPT-4o und 66.2% für Claude-2.7-Sonnet.","Im Explicit Instruction Setting, wo Agenten explizit über Penalties informiert wurden (Leaking private information x incurs penalty y), zeigte GPT-4o eine deutlich niedrigere Leakage-Rate von 5.7%, während Claude-3.7-Sonnet mit 21.6% deutlich schlechter abschnitt. Im Implicit Instruction Setting, das realistischere Bedingungen mit generischen Warnungen simuliert (Some information is private; avoid sharing it), verschlechterten sich beide Modelle dramatisch: GPT-4o erreichte eine Leakage-Rate von 54.3% und Claude-3.7-Sonnet sogar 66.2%. Diese Ergebnisse demonstrieren, dass selbst state-of-the-art Modelle wie GPT-4o und Claude-3.7-Sonnet zwar gute Instruktionsbefolgung zeigen, aber ein mangelndes Verständnis für kontextuelle Privatsphäre aufweisen, wenn explizite Anweisungen fehlen.",0.6,0.22580645161290322,0.32812499999999994,0.3235294117647059,0.11956521739130435,0.17460317460317462
P2_Q3,Wie wurde der Datengenerierungsprozess mittels LLM-Pipeline durchgeführt und welche Verifikationsschritte wurden implementiert?,"Der Datengenerierungsprozess mittels LLM-Pipeline wurde in mehreren Stufen durchgeführt, wobei zwei Arten von LLMs zum Einsatz kamen: ein Generator und ein Verifizierer. Der Generator war für die Erstellung der Dateninhalte verantwortlich, während der Verifizierer die Qualität der generierten Daten bewertete. Beide Aufgaben wurden mit dem Modell Claude 3.7 Sonnet Anthropic (2024) durchgeführt.

Der Prozess begann mit der Initialisierung eines manuell kuratierten ""Human Seed"", der das Zielgebiet und manuell kuratierte Beispiele aus verschiedenen Bereichen wie Auktionen und Verhandlungen enthielt. In der ersten Stufe schlug das LLM Szenarien vor, die dann von einem Verifizierer-LLM auf Realismus und Relevanz überprüft wurden. In der zweiten Stufe wurden die Szenarien erweitert und Agentennamen generiert, wobei automatisierte Überprüfungen zur Aufgabenabstimmung durchgeführt wurden. In der dritten Stufe wurden Agentenprofile (öffentliche und private Daten, Strafen, Nutzen) iterativ verfeinert, um Kohärenz sicherzustellen.

Zusätzlich zu den LLM-basierten Verifikationsschritten wurde eine umfassende menschliche Evaluierung durchgeführt. Fünf Annotatoren bewerteten die Qualität und die reale Ausrichtung des Datensatzes, indem sie dieselben 25 zufällig ausgewählten Aufgaben überprüften. Diese menschliche Überprüfung war entscheidend, um sicherzustellen, dass die von LLM generierten Szenarien tatsächlich realistische und bedeutungsvolle Kollaborationsdynamiken widerspiegelten und dass das Verhalten der Agenten mit den Erwartungen übereinstimmte.","Der Datengenerierungsprozess wurde durch eine mehrstufige LLM-Pipeline durchgeführt, die Claude-3.7-Sonnet sowohl als Generator als auch als Verifizierer nutzte. Der Prozess begann mit manuell kuratierten Seeds für verschiedene Domänen, gefolgt von automatischer Szenario-Generierung durch das LLM, das realistische High-Stakes-Szenarien vorschlug. Jede Stufe beinhaltete strenge Verifikationsschritte: Ein Verifizierer-LLM bewertete die Realitätsnähe und den Einsatz der Szenarien, überprüfte die Aufgaben-Agent-Ausrichtung, validierte die Kohärenz von Agentenprofilen und stellte sicher, dass private Informationen natürlich motiviert waren. Zusätzlich wurden durch einen finalen Verifikationsschritt Deliverables und Constraints gegen die Aufgabenziele geprüft, um konfliktfreie und lösbare Aufgaben zu gewährleisten.",0.21875,0.46153846153846156,0.2968197879858657,0.02617801047120419,0.05555555555555555,0.03558718861209965
P2_Q4,"Was ist der Zusammenhang zwischen der Leakage-Rate und der Task-Success-Rate, wie in Abbildung 7 dargestellt?","In Abbildung 7 wird ein starker negativer Zusammenhang zwischen der Leakage-Rate (x-Achse) und der Task-Success-Rate (y-Achse) dargestellt. Das bedeutet, dass mit zunehmender Leakage-Rate die Erfolgsrate der Aufgaben abnimmt. Konkret erreichen Aufgaben mit einer Leakage-Rate von ≤10% nur eine Erfolgsrate von 6,3%, und die Erfolgsrate scheint bei einer Leakage-Rate von etwa 67% zu stagnieren. Dies deutet darauf hin, dass höhere Leakage-Raten mit einer geringeren Wahrscheinlichkeit für den erfolgreichen Abschluss von Aufgaben verbunden sind.","Abbildung 7 zeigt eine starke negative Korrelation zwischen der Leakage-Rate und sowohl der Konsens- als auch der Erfolgswahrscheinlichkeit. Aufgaben mit ≤10% Leakage erreichten nur 10.8% Konsens und 6.3% Erfolg, während die Raten bei etwa 67% Leakage plateauieren. Diese Beziehung verdeutlicht ein fundamentales Dilemma in Multi-Agenten-Systemen: Während strikte Datenschutzwahrung die Aufgabenerfüllung behindert, führt uneingeschränktes Informationsteilen zu höheren Erfolgsraten, aber auch zu Datenschutzverletzungen. Die Gesamtkonsens- und Erfolgsrate über alle Modelle betrug nur 51% bzw. 29.7%, was zeigt, dass aktuelle Modelle weder auf kontextuelle Datenschutzwahrung noch auf effektive Multi-Agenten-Kollaboration ausgerichtet sind.",0.3333333333333333,0.2727272727272727,0.3,0.07042253521126761,0.05747126436781609,0.06329113924050633
P2_Q5,Welche fünf Hauptdomänen deckt der MAGPIE-Datensatz ab und welche Art von High-Stakes-Szenarien wurden für jede Domäne entwickelt?,"Der MAGPIE-Datensatz deckt fünf Hauptdomänen ab: kommunale Verwaltung, Cybersicherheit, Landwirtschaft, industrielle Forschung und medizinische Diagnostik. Für jede dieser Domänen wurden High-Stakes-Szenarien entwickelt, die sorgfältige Entscheidungsfindung erfordern und in denen der vollständige Ausschluss privater Daten die Aufgabenerfüllung behindern könnte, während uneingeschränkte Informationsweitergabe zu erheblichen Verlusten führen könnte.","Der MAGPIE-Datensatz umfasst 158 Aufgaben über 16 verschiedene High-Impact-Domänen, wobei die Hauptkategorien Legal, Scheduling, Healthcare, Tech & Infrastructure und Research umfassen. Spezifische High-Stakes-Szenarien beinhalten strategische GPU-Ressourcenzuteilung zwischen Forschungsteams mit privaten Projektdetails und Latenzanforderungen, Universitätszulassungen mit vertraulichen Budgetbeschränkungen und Bewerberdaten, Gehaltsverhandlungen mit sensiblen Informationen über andere Mitarbeitergehälter, Büro-Miteigentümerschaftsvereinbarungen mit privaten finanziellen Präferenzen und Crowdsourced Innovation in der Pharmaentwicklung mit teilweise geheimen Forschungsdurchbrüchen. Diese Szenarien wurden bewusst so gestaltet, dass vollständiger Ausschluss privater Daten die Aufgabenerfüllung behindert, während uneingeschränktes Teilen zu erheblichen realen Verlusten führen könnte.",0.43478260869565216,0.23809523809523808,0.30769230769230765,0.17777777777777778,0.0963855421686747,0.125
P2_META_Q1,Wer sind die Autoren des Papers 'MAGPIE: A dataset for Multi-AGent contextual PrIvacy Evaluation'?,"Die Autoren des Papers ""MAGPIE: A dataset for Multi-AGent contextual PrIvacy Evaluation"" sind Gurusha Juneja, Alon Albalak, Wenyue Hua und William Yang Wang.","Das Framework zeigt eine positive Skalierung mit zunehmender Anzahl von MPI-Ranks, wobei sowohl die Data Generation als auch die Data Aggregation Phase eine Verringerung der Ausführungszeit bei steigender Rank-Anzahl aufweisen. Figure 1(c) demonstriert, dass sich die Zeiten für beide Phasen mit mehr MPI-Ranks reduzieren, was beweist, dass die Pipeline skalierbar ist und große Datenmengen effizient verarbeiten kann. Diese Skalierbarkeit wird durch die verteilte Architektur ermöglicht, die die Arbeitslast gleichmäßig auf alle verfügbaren Ranks verteilt und Bottlenecks vermeidet.",0.043478260869565216,0.012987012987012988,0.02,0.0,0.0,0.0
P2_META_Q2,Welche Forschungsmethodik wurde im Paper 'MAGPIE: A dataset for Multi-AGent contextual PrIvacy Evaluation' hauptsächlich angewandt?,"Im Paper ""MAGPIE: A dataset for Multi-AGent contextual PrIvacy Evaluation"" wurde hauptsächlich eine experimentelle Forschungsmethodik angewandt. Die Autoren haben einen Benchmark namens MAGPIE entwickelt, der aus 158 realen Szenarien besteht, um die Fähigkeit von KI-Modellen zur Wahrung der Privatsphäre in Multi-Agenten-Kollaborationen zu bewerten. Sie testeten vier hochmoderne Sprachmodelle (Llama-3-70B, Mistral-Large-123B, Claude-3.7-Sonnet und GPT-4o) auf diesem Benchmark, um deren Verständnis für kontextuelle Privatsphäre und deren Fähigkeit zur Einhaltung von Datenschutzanweisungen zu untersuchen.","Das Framework zeigt eine positive Skalierung mit zunehmender Anzahl von MPI-Ranks, wobei sowohl die Data Generation als auch die Data Aggregation Phase eine Verringerung der Ausführungszeit bei steigender Rank-Anzahl aufweisen. Figure 1(c) demonstriert, dass sich die Zeiten für beide Phasen mit mehr MPI-Ranks reduzieren, was beweist, dass die Pipeline skalierbar ist und große Datenmengen effizient verarbeiten kann. Diese Skalierbarkeit wird durch die verteilte Architektur ermöglicht, die die Arbeitslast gleichmäßig auf alle verfügbaren Ranks verteilt und Bottlenecks vermeidet.",0.11267605633802817,0.1038961038961039,0.10810810810810813,0.0,0.0,0.0
P3_Q1,Welche drei Hauptparameter (state vector v) verwendet das AHS-System zur Entscheidungsfindung und welche konkreten Schwellenwerte wurden durch Bayesian Optimization ermittelt?,"Das AHS-System verwendet drei Hauptparameter im Zustandsvektor \( v \) zur Entscheidungsfindung: die Eingabegröße (n), den Schlüsselbereich (k), und die Entropie (H). Die durch Bayesian Optimization ermittelten konkreten Schwellenwerte sind:

- \( n_{\text{threshold}} = 20 \) (im Vergleich zu einem theoretischen Baseline von 16)
- \( k_{\text{threshold}} = 1,024 \) (im Vergleich zu einem theoretischen Baseline von 1,000)
- \( k_{\text{max}} = 106 \) (im Vergleich zu einem theoretischen Baseline von 220)

Diese Schwellenwerte wurden optimiert, um die Leistung des AHS-Systems zu verbessern, indem sie die Zeit- und Speicheranforderungen ausbalancieren.","Das AHS-System verwendet einen dreidimensionalen Zustandsvektor v = (n, k, H) zur dynamischen Entscheidungsfindung. Dabei repräsentiert n die Eingabegröße (Kardinalität des Arrays), k den Wertebereich (max(arr) - min(arr) + 1), und H die Informationsentropie (−∑ᵢ₌₁ᵏ pᵢ log₂ pᵢ). Durch multi-objektive Bayesian Optimization wurden die optimalen Schwellenwerte ermittelt: nthreshold = 20 (gegenüber theoretischen 16), kthreshold = 1.024 (gegenüber theoretischen 1.000), und kmax = 10⁶ (gegenüber theoretischen 2²⁰). Die Kalibrierung erfolgte durch Minimierung einer gewichteten Summe aus normalisierter Ausführungszeit und Speicherverbrauch mit α = 0.7 als Zeit-Speicher-Tradeoff-Parameter.",0.3111111111111111,0.32941176470588235,0.32,0.056179775280898875,0.05952380952380952,0.05780346820809248
P3_Q2,Wie wurde der XGBoost-Klassifikator trainiert und welche Accuracy erreichte er bei der Vorhersage der optimalen Sortierstrategie?,"Der XGBoost-Klassifikator wurde auf 10.000 synthetischen Datensätzen trainiert, die die Bereiche \( n \in [10^3, 10^9] \), \( k \in [10, 10^6] \) und \( H \in [0, \log_2 k] \) abdeckten. Bei der Vorhersage der optimalen Sortierstrategie erreichte der Klassifikator eine Accuracy von 92,4 %.","Der XGBoost-Klassifikator wurde auf 10.000 synthetischen Datensätzen trainiert, die verschiedene Kombinationen von Eingabeparametern abdeckten: n ∈ [10³, 10⁹], k ∈ [10, 10⁶], und H ∈ [0, log₂ k]. Das Modell erreichte eine Vorhersagegenauigkeit von 92.4% bei der Auswahl der optimalen Sortierstrategie, ergänzt durch einen F1-Score von 0.89, was robuste Performance auch bei unausgewogenen Strategieverteilungen demonstriert. Die Entscheidungslatenz beträgt nur 0.2ms pro Entscheidung, während das durch 8-Bit-Quantisierung optimierte Modell lediglich 1MB Speicher benötigt, was es für ressourcenbeschränkte Edge-Computing-Umgebungen geeignet macht.",0.45652173913043476,0.26582278481012656,0.336,0.2,0.11538461538461539,0.14634146341463417
P3_Q3,"Unter welchen spezifischen Bedingungen wählt das System Counting Sort, Radix Sort oder QuickSort, basierend auf den Werten von k und H?","Das System wählt die Sortieralgorithmen basierend auf den folgenden spezifischen Bedingungen:

1. **Counting Sort** wird gewählt, wenn \( k \leq 1000 \). Dies ist der Fall, wenn der Schlüsselbereich klein ist.

2. **Radix Sort** wird gewählt, wenn \( k > 10^6 \) und die Entropie \( H < 0.7 \cdot \log_2(k) \). Dies trifft auf große Schlüsselbereiche zu, die eine geringe Entropie aufweisen, was auf eine strukturierte oder spärliche Datenverteilung hindeutet.

3. **QuickSort** wird in allen anderen Fällen gewählt. Es wird bevorzugt aufgrund seiner Effizienz im Durchschnittsfall und seiner Vielseitigkeit für allgemeine Zwecke.","Das System implementiert eine hierarchische Entscheidungslogik basierend auf den Werten von k und H: Counting Sort wird gewählt, wenn k ≤ 1000 (kleine Schlüsselbereiche) für optimale lineare Zeitkomplexität; Radix Sort kommt zum Einsatz, wenn k > 10⁶ UND H < 0.7·log₂(k) (große Bereiche mit strukturierten, niedrig-entropischen Daten) für überlegene Speichercharakteristika; QuickSort dient als Fallback-Strategie für alle anderen allgemeinen Fälle und gewährleistet robuste O(n log n) Performance. Zusätzlich wird Insertion Sort automatisch für sehr kleine Datensätze (n ≤ 20) ausgewählt, um dessen exceptional Cache-Effizienz in diesem Bereich zu nutzen.",0.23655913978494625,0.25,0.24309392265193372,0.07608695652173914,0.08045977011494253,0.07821229050279328
P3_Q4,Welche Performance-Verbesserungen (in Prozent) wurden im Vergleich zu statischen Sortieralgorithmen auf verschiedenen Datensätzen erzielt?,Die Performance-Verbesserungen im Vergleich zu statischen Sortieralgorithmen betrugen bis zu 30–40 %.,"Die experimentellen Ergebnisse zeigen signifikante Performance-Steigerungen: AHS erreichte 30-40% Reduktion der Ausführungszeit gegenüber konventionellen statischen Sortieralgorithmen across diverse Datensätze. Bei großskaligen Benchmarks mit n = 10⁹ Elementen benötigte AHS nur 210 Sekunden gegenüber 380 Sekunden für Timsort, was einer 45% Verbesserung entspricht. Für mittlere Datensätze (n = 10⁷) wurde ein 1.8× Speedup (2.1s vs 3.8s) erreicht, während die Speichernutzung konstant bei 8GB blieb gegenüber 12GB für Counting Sort, was die Eignung für moderne Big-Data-Anwendungen demonstriert.",0.25,0.04,0.06896551724137932,0.09090909090909091,0.013513513513513514,0.023529411764705885
P3_Q5,"Wie wurde die Hardware-aware Optimierung implementiert, insbesondere die dynamische Anpassung von k_max basierend auf L3-Cache und Thread Count?","Die hardware-bewusste Optimierung wurde durch eine dynamische Anpassung von \( k_{\text{max}} \) implementiert, die auf den Systemressourcen basiert. Diese Anpassung erfolgt gemäß der Gleichung:

\[ k_{\text{max}} = \frac{\text{L3 Cache}}{4 \times \text{Thread Count}} \]

Diese Implementierung ermöglicht Thread-Parallelität und eine speichereffiziente Nutzung der Caches. Durch die dynamische Anpassung von \( k_{\text{max}} \) wird die Nutzung des L3-Caches optimiert, was zu einer 12-prozentigen Steigerung der Cache-Auslastung im Vergleich zu rein statischen Ansätzen führt.","Die Hardware-aware Optimierung implementiert eine dynamische Anpassung von kmax basierend auf Systemressourcen gemäß der Formel kmax = (L3 Cache)/(4 × Thread Count). Diese Implementierung gewährleistet Thread-Parallelismus bei gleichzeitig speichereffizienter Cache-Nutzung und resultierte in einer 12% Erhöhung der Cache-Auslastung verglichen mit statischen Ansätzen. Das System aktiviert konditionale Parallelisierung nur wenn vorteilhaft: Radix Sort zeigt besonders effektive Skalierung mit 1.79× Speedup für Datensätze > 10⁶ Elemente trotz 12% Thread-Management-Overhead, während Quicksort aufgrund signifikanter Synchronisationskosten (47% Overhead) limitierte Parallelisierbarkeit (1.12× Speedup) aufweist.",0.2535211267605634,0.22784810126582278,0.24,0.08571428571428572,0.07692307692307693,0.08108108108108107
P3_META_Q1,Wer sind die Autoren des Papers 'Adaptive Hybrid Sort: Dynamic Strategy Selection for Optimal Sorting'?,"Die Autoren des Papers ""Adaptive Hybrid Sort: Dynamic Strategy Selection for Optimal Sorting"" sind Shrinivass Arunachalam Balasubramanian.","Das Framework zeigt eine positive Skalierung mit zunehmender Anzahl von MPI-Ranks, wobei sowohl die Data Generation als auch die Data Aggregation Phase eine Verringerung der Ausführungszeit bei steigender Rank-Anzahl aufweisen. Figure 1(c) demonstriert, dass sich die Zeiten für beide Phasen mit mehr MPI-Ranks reduzieren, was beweist, dass die Pipeline skalierbar ist und große Datenmengen effizient verarbeiten kann. Diese Skalierbarkeit wird durch die verteilte Architektur ermöglicht, die die Arbeitslast gleichmäßig auf alle verfügbaren Ranks verteilt und Bottlenecks vermeidet.",0.0,0.0,0.0,0.0,0.0,0.0
P3_META_Q2,Welche Forschungsmethodik wurde im Paper 'Adaptive Hybrid Sort: Dynamic Strategy Selection for Optimal Sorting' hauptsächlich angewandt?,"Die im Paper 'Adaptive Hybrid Sort: Dynamic Strategy Selection for Optimal Sorting' hauptsächlich angewandte Forschungsmethodik umfasst die Entwicklung und Simulation eines adaptiven hybriden Sortieralgorithmus. Diese Methodik beinhaltet die Integration von Prinzipien der partitionierten Sortierung mit einer Multi-Element-Austauschstrategie, die fünf Elemente pro Iteration vergleicht. Zudem wurden Simulationen auf verschiedenen Datensätzen durchgeführt, um die Effizienz und Skalierbarkeit des Algorithmus zu testen. Weitere Forschungen beinhalten die Implementierung und Benchmarking des Algorithmus auf hardwarebeschleunigten Plattformen wie GPUs, FPGAs und SIMD-basierten Prozessoren sowie die Integration in verteilte Systeme und Big-Data-Systeme wie Apache Spark.","Das Framework zeigt eine positive Skalierung mit zunehmender Anzahl von MPI-Ranks, wobei sowohl die Data Generation als auch die Data Aggregation Phase eine Verringerung der Ausführungszeit bei steigender Rank-Anzahl aufweisen. Figure 1(c) demonstriert, dass sich die Zeiten für beide Phasen mit mehr MPI-Ranks reduzieren, was beweist, dass die Pipeline skalierbar ist und große Datenmengen effizient verarbeiten kann. Diese Skalierbarkeit wird durch die verteilte Architektur ermöglicht, die die Arbeitslast gleichmäßig auf alle verfügbaren Ranks verteilt und Bottlenecks vermeidet.",0.17045454545454544,0.19480519480519481,0.1818181818181818,0.0,0.0,0.0
P4_Q1,Welche spezifischen CUPTI-Tabellen wurden analysiert und wie viele Entitäten enthielt jede Tabelle nach dem Left-Join?,"In dem gegebenen Kontext wurden drei spezifische CUPTI-Tabellen analysiert:

1. **CUPTI_ACTIVITY_KIND_KERNEL**: Diese Tabelle zeichnet Kernel-Starts, Zeitstempel, Geräte- und Stream-IDs sowie Ressourcennutzung auf.

2. **CUPTI_ACTIVITY_KIND_MEMCPY**: Diese Tabelle protokolliert Speichertransfers, Zeitstempel, Größen, Richtungen und Stream-IDs.

3. **TARGET_INFO_GPU**: Diese Tabelle berichtet über GPU-Eigenschaften wie Speichergröße, Bandbreite, SM-Anzahl und Rechenkapazität.

Nach dem ""Left-Join"" enthielt jede Tabelle ungefähr 93 Millionen Entitäten.","Laut Tabelle 1 wurden drei spezifische CUPTI-Tabellen analysiert: KERNEL (CUPTI_ACTIVITY_KIND_KERNEL) mit 842.054 Entitäten für alle Ranks, MEMCPY (CUPTI_ACTIVITY_KIND_MEMCPY) mit variierenden Entitäten pro Rank (107.045 für Rank 0, 107.099 für Rank 1, 1.070.545 für Rank 2, und 107.045 für Rank 3), sowie GPU (TARGET_INFO_GPU) mit 4 Entitäten für alle Ranks. Nach dem Left-Join-Prozess ergaben sich approximativ 93 Millionen Entitäten, die zur weiteren Analyse verwendet wurden.",0.21428571428571427,0.1875,0.19999999999999998,0.10909090909090909,0.09523809523809523,0.10169491525423728
P4_Q2,Warum entschieden sich die Autoren für Block Partitioning statt Cyclic Partitioning bei der Verteilung der Shards auf MPI-Ranks?,"Die Autoren entschieden sich für Block Partitioning statt Cyclic Partitioning, weil der Datensatz statisch ist und die Vorhersagbarkeit der Arbeitslast hoch ist. Block Partitioning weist jedem MPI-Rank zusammenhängende Shards zu, was die Abfrageüberlastung reduziert, die Datenlokalität verbessert und eine effiziente SQL-Abfrageausführung ermöglicht.","Die Autoren entschieden sich für Block Partitioning über Cyclic Partitioning, da der Datensatz statisch ist und eine hohe Workload-Vorhersagbarkeit aufweist. Block Partitioning weist zusammenhängende Shards jedem Rank zu, was den Query-Overhead reduziert, die Datenlokalität verbessert und eine effiziente SQL-Query-Ausführung ermöglicht. Diese Methode ist besonders vorteilhaft für statische Datensätze, da sie die Kommunikationskosten zwischen den Ranks minimiert und die Cache-Effizienz maximiert.",0.7619047619047619,0.5333333333333333,0.6274509803921569,0.5365853658536586,0.3728813559322034,0.44
P4_Q3,Welche Methode wurde zur Identifikation der Top-5 anomalous shards verwendet und wie funktioniert diese?,"Die Methode, die zur Identifikation der Top-5 anomalous shards verwendet wurde, ist die Interquartilsabstand (IQR)-Methode. Diese Methode funktioniert folgendermaßen:

1. **Berechnung der Quartile**: Der Datensatz wird in vier gleich große Teile geteilt, wobei drei Quartile (Q1, Q2, Q3) berechnet werden. Q1 ist das 25. Perzentil, Q2 (auch Median genannt) ist das 50. Perzentil, und Q3 ist das 75. Perzentil.

2. **Berechnung des Interquartilsabstands (IQR)**: Der IQR ist die Differenz zwischen dem dritten Quartil (Q3) und dem ersten Quartil (Q1), also IQR = Q3 - Q1. Dieser Wert gibt die Spannweite des mittleren 50% der Daten an.

3. **Identifikation von Ausreißern**: Datenpunkte, die außerhalb des Bereichs [Q1 - 1.5 * IQR, Q3 + 1.5 * IQR] liegen, werden als Ausreißer betrachtet. Diese Punkte liegen entweder deutlich unterhalb des unteren Quartils oder oberhalb des oberen Quartils.

4. **Auswahl der Top-5 Anomalien**: Von den identifizierten Ausreißern werden die fünf auffälligsten (z.B. die mit den größten Abweichungen vom normalen Bereich) als die Top-5 anomalous shards ausgewählt.

Diese Methode ist robust gegenüber Ausreißern und eignet sich gut zur Erkennung von Anomalien in Datensätzen.","Zur Identifikation der Top-5 anomalous Shards verwendeten die Autoren die Inter-Quartile Range (IQR) Methode. Diese statistische Methode berechnet zunächst gemeinsame Statistiken (Minimum, Maximum, Standardabweichung) kollaborativ über alle P Ranks in einem Round-Robin-Verfahren. Anschließend werden diese gemeinsamen Statistiken verwendet, um Anomalien zu identifizieren, wobei die IQR-Methode Ausreißer basierend auf der Verteilung der Daten innerhalb der Quartile bestimmt und die fünf auffälligsten Shards zur detaillierten Analyse auswählt.",0.1404494382022472,0.38461538461538464,0.20576131687242802,0.03389830508474576,0.09375,0.049792531120331954
P4_Q4,Was zeigt die Analyse der Memory Stall Duration für Rank 2 bezüglich der Device-to-Host und Host-to-Device Transfers?,"Die Analyse der Memory Stall Duration für Rank 2 zeigt, dass die Device-to-Host und Host-to-Device Transfers dominieren. Dies deutet auf häufige Ping-Pong-Muster hin, die durch ineffizientes Batching verursacht werden.","Die Analyse der Memory Stall Duration für Rank 2 ergab, dass Device-to-Host und Host-to-Device Transfers dominieren, was auf häufige Ping-Pong-Muster hindeutet, die durch ineffiziente Batch-Verarbeitung verursacht werden. Im Gegensatz dazu zeigen spärliche Device-to-Device Transfers seltene Intra-GPU-Operationen an, was Optimierungsmöglichkeiten durch Shared Memory Reuse oder Tiling-Strategien aufzeigt. Diese Erkenntnisse deuten darauf hin, dass die Datenübertragungseffizienz zwischen Host und Device ein kritischer Engpass für die Performance darstellt.",0.7931034482758621,0.35384615384615387,0.48936170212765956,0.5714285714285714,0.25,0.34782608695652173
P4_Q5,Wie skaliert die Performance des Frameworks mit zunehmender Anzahl von MPI-Ranks für Data Generation und Data Aggregation?,"Die Performance des Frameworks skaliert mit zunehmender Anzahl von MPI-Ranks für Data Generation und Data Aggregation, indem die Zeit für beide Prozesse abnimmt. Dies zeigt, dass das Framework in der Lage ist, große Datenmengen effizient zu verarbeiten, da es die Daten in unabhängig analysierbare Shards aufteilt und diese parallel über die MPI-Ranks verarbeitet.","Das Framework zeigt eine positive Skalierung mit zunehmender Anzahl von MPI-Ranks, wobei sowohl die Data Generation als auch die Data Aggregation Phase eine Verringerung der Ausführungszeit bei steigender Rank-Anzahl aufweisen. Figure 1(c) demonstriert, dass sich die Zeiten für beide Phasen mit mehr MPI-Ranks reduzieren, was beweist, dass die Pipeline skalierbar ist und große Datenmengen effizient verarbeiten kann. Diese Skalierbarkeit wird durch die verteilte Architektur ermöglicht, die die Arbeitslast gleichmäßig auf alle verfügbaren Ranks verteilt und Bottlenecks vermeidet.",0.39622641509433965,0.2727272727272727,0.32307692307692304,0.1346153846153846,0.09210526315789473,0.109375
P4_META_Q1,Wer sind die Autoren des Papers 'Scalable GPU Performance Variability Analysis framework'?,"Die Autoren des Papers ""Scalable GPU Performance Variability Analysis framework"" sind:

1. Ankur Lahiry
2. Ayush Pokharel
3. Seth Ockerman
4. Amal Gueroudji
5. Line Pouchard
6. Tanzima Z. Islam","Das Framework zeigt eine positive Skalierung mit zunehmender Anzahl von MPI-Ranks, wobei sowohl die Data Generation als auch die Data Aggregation Phase eine Verringerung der Ausführungszeit bei steigender Rank-Anzahl aufweisen. Figure 1(c) demonstriert, dass sich die Zeiten für beide Phasen mit mehr MPI-Ranks reduzieren, was beweist, dass die Pipeline skalierbar ist und große Datenmengen effizient verarbeiten kann. Diese Skalierbarkeit wird durch die verteilte Architektur ermöglicht, die die Arbeitslast gleichmäßig auf alle verfügbaren Ranks verteilt und Bottlenecks vermeidet.",0.0,0.0,0.0,0.0,0.0,0.0
P4_META_Q2,Welche Forschungsmethodik wurde im Paper 'Scalable GPU Performance Variability Analysis framework' hauptsächlich angewandt?,"Das Paper ""Scalable GPU Performance Variability Analysis framework"" beschreibt die Entwicklung eines verteilten Frameworks zur Analyse von GPU-Leistungsprotokollen. Die Hauptforschungsmethodik, die in diesem Paper angewandt wurde, umfasst die Partitionierung von SQLite3-Tabellen in Shards, um den Speicherverbrauch und die Latenz zu reduzieren. Diese Methodik ermöglicht eine effiziente und skalierbare Analyse großer Datenmengen, wie z.B. der 93 Millionen analysierten Proben, um Zeitstempel und Entitäten zu identifizieren, die für Speicherstalls verantwortlich sind.","Das Framework zeigt eine positive Skalierung mit zunehmender Anzahl von MPI-Ranks, wobei sowohl die Data Generation als auch die Data Aggregation Phase eine Verringerung der Ausführungszeit bei steigender Rank-Anzahl aufweisen. Figure 1(c) demonstriert, dass sich die Zeiten für beide Phasen mit mehr MPI-Ranks reduzieren, was beweist, dass die Pipeline skalierbar ist und große Datenmengen effizient verarbeiten kann. Diese Skalierbarkeit wird durch die verteilte Architektur ermöglicht, die die Arbeitslast gleichmäßig auf alle verfügbaren Ranks verteilt und Bottlenecks vermeidet.",0.18840579710144928,0.16883116883116883,0.1780821917808219,0.0,0.0,0.0
P5_Q1,"Wie wird das Defence-in-Depth-Modell konkret strukturiert und welche spezifischen Überschneidungen bestehen zwischen den drei Hauptbereichen Risk Assessment, Development und Control?","Das Defence-in-Depth-Modell ist in drei Hauptbereiche strukturiert: Risk Assessment, Development und Control. Diese Bereiche überschneiden sich in mehreren Aspekten:

1. **Risk Assessment**: Der primäre Zweck der Risikoabschätzung besteht darin, die Schwere und Wahrscheinlichkeit potenzieller Schäden zu verstehen. Diese Bewertungen helfen, Risiken zu priorisieren und zu bestimmen, ob sie Schwellenwerte überschreiten, die spezifische Maßnahmen erfordern. Die Ergebnisse der Risikoabschätzung beeinflussen die nachfolgenden Entwicklungs- und Einsatzentscheidungen.

2. **Development**: In dieser Phase werden technische Methoden angewendet, um Systeme zu entwickeln, die sicher, vertrauenswürdig und zuverlässig sind. Der Entwicklungsprozess umfasst Spezifikation und Validierung, Design und Implementierung sowie Verifikation, um sicherzustellen, dass das System wie spezifiziert funktioniert.

3. **Control**: Dieser Bereich befasst sich mit der Überwachung und Intervention, um sicherzustellen, dass Systeme sicher betrieben werden. Wenn ein System beispielsweise das Potenzial hat, böswillige Nutzer bei Cyberangriffen erheblich zu unterstützen, wird dies als inakzeptables Risiko betrachtet. Die Risikoabschätzung informiert über sicherere Entwicklungspraktiken und Kontrollmaßnahmen, die zur Risikominderung erforderlich sind.

Die spezifischen Überschneidungen zwischen diesen Bereichen bestehen darin, dass die Risikoabschätzung sowohl die Entwicklung als auch die Kontrollpraktiken beeinflusst. Beispielsweise können sorgfältig definierte Risikoschwellenwerte von Interesse für verschiedene Akteure sein, die möglicherweise daran interessiert sind, diese Informationen zu teilen oder zusammenzuarbeiten, um Risiken zu mindern.","Das Defence-in-Depth-Modell strukturiert die AI Safety Forschung in drei Hauptbereiche: Risk Assessment (Bewertung der Schwere und Wahrscheinlichkeit potenzieller Schäden), Development (Entwicklung vertrauenswürdiger, zuverlässiger und sicherer Systeme) und Control (Überwachung und Intervention nach der Bereitstellung). Die spezifischen Überschneidungen werden in Figure 1 als Venn-Diagramm illustriert: Zwischen Assessment und Development liegt Specification, validation, assurance, zwischen Assessment und Control Real-time monitoring, zwischen Development und Control E.g. jailbreak refusal, und im Zentrum aller drei Bereiche befinden sich grundlegende Sicherheitstechniken. Diese Überschneidungen entstehen durch unterschiedliche Definitionen dessen, was als Teil des Systems versus als kontrollierende Feedback-Schleifen betrachtet wird.",0.15656565656565657,0.3333333333333333,0.21305841924398625,0.04060913705583756,0.08695652173913043,0.05536332179930795
P5_Q2,"Welche acht Personen bildeten das Expert Planning Committee und aus welchen Institutionen stammten sie, und wie gestaltete sich der mehrstufige Feedback-Prozess zur Konsensbildung?","Das Expert Planning Committee bestand aus den folgenden acht Personen und ihren jeweiligen Institutionen:

1. Dawn Song | UC Berkeley
2. Lan Xue | Tsinghua University
3. Luke Ong | Nanyang Technological University
4. Max Tegmark | MIT
5. Stuart Russell | UC Berkeley
6. Tegan Maharaj | MILA
7. Ya-Qin Zhang | Tsinghua University
8. Yoshua Bengio | MILA

Der mehrstufige Feedback-Prozess zur Konsensbildung gestaltete sich folgendermaßen: Das Dokument wurde zunächst als Konsultationsentwurf vom Expert Planning Committee erstellt. Dieser Entwurf wurde dann an alle Konferenzteilnehmer verteilt, um umfassendes Feedback einzuholen. Nach mehreren Runden von Updates, die auf weiterem schriftlichen und persönlichen Feedback der Teilnehmer basierten, wurde das Dokument so gestaltet, dass es die Punkte eines breiten Konsenses unter den verschiedenen Forschern zusammenfasst.","Das Expert Planning Committee bestand aus acht Personen: Dawn Song (UC Berkeley), Lan Xue (Tsinghua University), Luke Ong (Nanyang Technological University), Max Tegmark (MIT), Stuart Russell (UC Berkeley), Tegan Maharaj (MILA), Ya-Qin Zhang (Tsinghua University) und Yoshua Bengio (MILA). Der mehrstufige Feedback-Prozess gestaltete sich folgendermaßen: Zunächst erstellte das Committee einen Konsultationsentwurf, der an alle Konferenzteilnehmer verteilt wurde, um umfassendes Feedback einzuholen. Nach mehreren Runden von schriftlichen und persönlichen Rückmeldungen der Teilnehmer wurde das Dokument überarbeitet, um Punkte des breiten Konsenses unter den diversen Forschern zu synthetisieren.",0.4634146341463415,0.6627906976744186,0.5454545454545454,0.2786885245901639,0.4,0.3285024154589372
P5_Q3,Was sind 'Areas of mutual interest' im Kontext der AI Safety Forschung und welche konkreten Beispiele werden für potentiell kooperative Forschungsbereiche genannt?,"Im Kontext der AI Safety Forschung beziehen sich ""Areas of mutual interest"" auf Forschungsbereiche, in denen geopolitische Rivalen oder konkurrierende Organisationen potenziell zusammenarbeiten könnten, da die Ergebnisse für alle Beteiligten von Vorteil wären. Solche Kooperationen sind besonders in Bereichen sinnvoll, in denen die Vermeidung von Schäden durch KI-Systeme im Interesse aller liegt.

Konkrete Beispiele für diese potentiell kooperativen Forschungsbereiche umfassen:

1. **Verifikationstechniken**: Methoden zur Überprüfung von KI-Systemen, um sicherzustellen, dass sie keine schädlichen Verhaltensweisen aufweisen.
2. **Risikomanagement-Standards**: Gemeinsame Standards zur Bewertung und Handhabung von Risiken, die durch KI-Systeme entstehen könnten.
3. **Risikobewertungen**: Verfahren zur Einschätzung der Risiken, die von KI-Systemen ausgehen, um präventive Maßnahmen zu ergreifen.

Diese Bereiche sind deshalb von gegenseitigem Interesse, weil keine Organisation oder Nation davon profitiert, wenn KI-Zwischenfälle auftreten oder böswillige Akteure durch unsichere KI-Systeme begünstigt werden. Solche Vorfälle könnten kollektiven Schaden verursachen, was die Motivation zur Zusammenarbeit erhöht.","Areas of mutual interest bezeichnen Forschungsbereiche, bei denen verschiedene Akteure (Unternehmen, Länder) trotz Konkurrenz gemeinsame Interessen haben und Anreize bestehen, Informationen und Forschungsergebnisse zu teilen. Das Paper gibt konkrete Beispiele: bestimmte Verifikationsmechanismen, Risikomanagement-Standards und Risikobewertungen, da diese minimalen Wettbewerbsvorteil bieten, aber einem gemeinsamen Interesse dienen. Ähnlich wie konkurrierende Flugzeughersteller (Boeing und Airbus) bei Flugsicherheitsinformationen und -standards kooperieren, könnten AI-Akteure bei der Zusammenarbeit profitieren, da niemand von AI-Zwischenfällen oder der Ermächtigung böswilliger Akteure profitiert.",0.11888111888111888,0.2328767123287671,0.15740740740740738,0.007042253521126761,0.013888888888888888,0.009345794392523364
P5_Q4,Welche spezifischen Definitionen werden für die Begriffe 'Artificial General Intelligence (AGI)' und 'Artificial Superintelligence (ASI)' im Glossar gegeben?,"Im Glossar des Berichts werden die Begriffe wie folgt definiert:

- **Artificial General Intelligence (AGI)**: KI, die in der Lage ist, die meisten kognitiven Arbeiten ebenso gut wie Menschen zu erledigen. Dies impliziert, dass sie hochgradig autonom ist und die meisten wirtschaftlich wertvollen Remote-Arbeiten ebenso gut erledigen kann wie Menschen.

- **Artificial Superintelligence (ASI)**: KI, die jede kognitive Arbeit weit über dem menschlichen Niveau leisten kann.","Das Glossar definiert Artificial General Intelligence (AGI) als AI that can do most cognitive work as well as humans. This implies that it is highly autonomous and can do most economically valuable remote work as well as humans. Artificial Superintelligence (ASI) wird definiert als AI that can accomplish any cognitive work far beyond human level. Zusätzlich wird AGI in Figure 2 als Schnittmenge von drei Eigenschaften dargestellt: Autonomy (A), Generality (G) und Intelligence (I), wobei Systeme mit allen drei Eigenschaften am schwierigsten zu kontrollieren sind.",0.10606060606060606,0.08235294117647059,0.09271523178807946,0.015384615384615385,0.011904761904761904,0.013422818791946308
P5_Q5,Wie wird Ashby's Law of Requisite Variety im Kontext der AI-Kontrolle erklärt und welche Implikationen ergeben sich daraus für Human-centric Oversight?,"Ashby's Law of Requisite Variety, in the context of AI control, is explained as a principle from cybernetics that states the controlling system must have at least as much expressivity or variety as the system it aims to control. This means that for humans to effectively oversee and control AI systems, especially those that are highly capable, the human operators must possess a level of understanding and capability that matches or exceeds that of the AI systems they are managing.

The implications for human-centric oversight are significant. Since humans are ultimately responsible for controlling general-purpose AI agents, there are natural limits to this control based on human attributes such as thinking speed, proactivity, expertise, attention to detail, and reliability. Even with AI assistance, these human limitations pose challenges in maintaining effective oversight. Therefore, research is needed to develop measures and techniques that enhance human capability to match the complexity and expressivity of advanced AI systems, ensuring that humans remain in control and can effectively manage AI behavior, especially when these systems might attempt to subvert control mechanisms.","Ashby's Law of Requisite Variety besagt, dass für Sicherheitsgarantien ein Kontrollsystem generell mindestens so viel Komplexität haben muss wie das System, das es zu kontrollieren versucht. Im Kontext von Human-centric Oversight bedeutet dies, dass es natürliche Grenzen für die Kontrollierbarkeit von Systemen gibt, basierend auf Denkgeschwindigkeit, Proaktivität, Expertisegrad, Aufmerksamkeit für Details und Zuverlässigkeit menschlicher Operatoren. Selbst mit AI-Assistenz, die Menschen beim Verstehen des gegebenen Kontexts unterstützen, deutet das Gesetz darauf hin, dass das kontrollierende System mindestens so viel Ausdrucksfähigkeit haben muss wie das kontrollierte System. Dies stellt eine fundamentale Herausforderung für die Überwachung hochentwickelter AI-Systeme dar.",0.022598870056497175,0.041666666666666664,0.0293040293040293,0.017045454545454544,0.031578947368421054,0.02214022140221402
P5_META_Q1,Wer sind die Autoren des Papers 'The Singapore Consensus on Global AI Safety Research Priorities'?,"Die Autoren des Papers ""The Singapore Consensus on Global AI Safety Research Priorities"" sind die Mitglieder des Expert Planning Committee und die Writing Coordinators. Zu den Mitgliedern des Expert Planning Committee gehören:

- Dawn Song | UC Berkeley
- Lan Xue | Tsinghua University
- Luke Ong | Nanyang Technological University
- Max Tegmark | MIT
- Stuart Russell | UC Berkeley
- Tegan Maharaj | MILA
- Ya-Qin Zhang | Tsinghua University
- Yoshua Bengio | MILA

Die Writing Coordinators sind:

- Max Tegmark | MIT
- Sören Mindermann | MILA – Quebec Artificial Intelligence Institute

Diese Personen haben zur Erstellung des Dokuments beigetragen.","Das Framework zeigt eine positive Skalierung mit zunehmender Anzahl von MPI-Ranks, wobei sowohl die Data Generation als auch die Data Aggregation Phase eine Verringerung der Ausführungszeit bei steigender Rank-Anzahl aufweisen. Figure 1(c) demonstriert, dass sich die Zeiten für beide Phasen mit mehr MPI-Ranks reduzieren, was beweist, dass die Pipeline skalierbar ist und große Datenmengen effizient verarbeiten kann. Diese Skalierbarkeit wird durch die verteilte Architektur ermöglicht, die die Arbeitslast gleichmäßig auf alle verfügbaren Ranks verteilt und Bottlenecks vermeidet.",0.0380952380952381,0.05194805194805195,0.043956043956043966,0.0,0.0,0.0
P5_META_Q2,Welche Forschungsmethodik wurde im Paper 'The Singapore Consensus on Global AI Safety Research Priorities' hauptsächlich angewandt?,"Im Paper ""The Singapore Consensus on Global AI Safety Research Priorities"" wurde hauptsächlich eine Konsensfindungsmethodik angewandt. Diese Methodik zielt darauf ab, durch den Austausch und die Synthese von Forschungsschwerpunkten im Bereich der KI-Sicherheit einen breiten Konsens unter verschiedenen Forschern zu erreichen. Dies geschah durch die Zusammenarbeit von Wissenschaftlern aus verschiedenen geografischen Regionen und Institutionen, um gemeinsame Forschungsprioritäten zu identifizieren und zu formulieren.","Das Framework zeigt eine positive Skalierung mit zunehmender Anzahl von MPI-Ranks, wobei sowohl die Data Generation als auch die Data Aggregation Phase eine Verringerung der Ausführungszeit bei steigender Rank-Anzahl aufweisen. Figure 1(c) demonstriert, dass sich die Zeiten für beide Phasen mit mehr MPI-Ranks reduzieren, was beweist, dass die Pipeline skalierbar ist und große Datenmengen effizient verarbeiten kann. Diese Skalierbarkeit wird durch die verteilte Architektur ermöglicht, die die Arbeitslast gleichmäßig auf alle verfügbaren Ranks verteilt und Bottlenecks vermeidet.",0.14516129032258066,0.11688311688311688,0.12949640287769784,0.01639344262295082,0.013157894736842105,0.014598540145985403
